,file_name,plate_chars
0,track0091[01].png,MLS-5511
1,track0092[01].png,AQY-6388
2,track0093[01].png,AZZ-6958
3,track0094[01].png,AUY-8870
4,track0095[01].png,AVI-2214
5,track0096[01].png,AWX-9307
6,track0097[01].png,AYP-7941
7,track0098[01].png,ASZ-9457
8,track0099[01].png,APE-4685
9,track0100[01].png,ISK-7086
10,track0101[01].png,AMR-2189
11,track0102[01].png,AHB-1989
12,track0103[01].png,BCS-4525
13,track0104[01].png,APL-0100
14,track0105[01].png,AEK-0977
15,track0106[01].png,ABN-8528
16,track0107[01].png,MJO-0862
17,track0108[01].png,ARY-9308
18,track0109[01].png,AWZ-7648
19,track0110[01].png,BBO-8514
20,track0111[01].png,AIQ-1056
21,track0112[01].png,APD-4389
22,track0113[01].png,PWC-3858
23,track0114[01].png,ASF-5742
24,track0115[01].png,CBB-1894
25,track0116[01].png,PYP-1906
26,track0117[01].png,AYE-1896
27,track0118[01].png,AWL-4456
28,track0119[01].png,IOZ-3616
29,track0120[01].png,BCJ-9595
30,track0121[01].png,AZU-3476
31,track0122[01].png,MCA-9954
32,track0123[01].png,ASG-9143
33,track0124[01].png,MAW-3186
34,track0125[01].png,AYB-1489
35,track0126[01].png,AVI-0949
36,track0127[01].png,AQW-1379
37,track0128[01].png,AWP-0816
38,track0129[01].png,MAK-0198
39,track0130[01].png,ALJ-9348
40,track0131[01].png,ATT-4025
41,track0132[01].png,AXV-9857
42,track0133[01].png,AHY-9777
43,track0134[01].png,ARG-4938
44,track0135[01].png,BAS-8216
45,track0136[01].png,AMO-0663
46,track0137[01].png,ASU-1099
47,track0138[01].png,AUG-0936
48,track0139[01].png,BAP-8567
49,track0140[01].png,AVA-1466
50,track0141[01].png,AWE-4633
51,track0142[01].png,AWZ-9807
52,track0143[01].png,AXH-5087
53,track0144[01].png,AYL-2104
54,track0145[01].png,AVD-4791
55,track0146[01].png,AJG-2630
56,track0147[01].png,ARZ-9326
57,track0148[01].png,AKT-8174
58,track0149[01].png,AXW-8502
59,track0150[01].png,BBA-9166
60,track0001[01].png,AXV-8804
61,track0002[01].png,AVL-8477
62,track0003[01].png,AEI-6611
63,track0004[01].png,ASG-3793
64,track0005[01].png,AOM-8734
65,track0006[01].png,AYN-8015
66,track0007[01].png,AQF-6375
67,track0008[01].png,AQU-9177
68,track0009[01].png,AVC-5538
69,track0010[01].png,PYO-6759
70,track0011[01].png,AVA-1466
71,track0012[01].png,AYB-7892
72,track0013[01].png,BAL-3161
73,track0014[01].png,BAQ-6689
74,track0015[01].png,MFS-2455
75,track0016[01].png,AZU-5133
76,track0017[01].png,AYK-4028
77,track0018[01].png,BAA-2384
78,track0019[01].png,IJU-1870
79,track0020[01].png,AAW-9529
80,track0021[01].png,AUD-1798
81,track0022[01].png,API-7304
82,track0023[01].png,AZC-3032
83,track0024[01].png,AVM-2665
84,track0025[01].png,BBI-8600
85,track0026[01].png,LAU-0047
86,track0027[01].png,MCX-7264
87,track0028[01].png,BSV-9863
88,track0029[01].png,AWO-9786
89,track0030[01].png,ARY-9241
90,track0031[01].png,ATP-2537
91,track0032[01].png,BBG-6283
92,track0033[01].png,AXN-6071
93,track0034[01].png,FGD-3938
94,track0035[01].png,DPD-4747
95,track0036[01].png,AQR-9474
96,track0037[01].png,APY-4917
97,track0038[01].png,BAU-3767
98,track0039[01].png,AYE-3205
99,track0040[01].png,AYF-2480
100,track0041[01].png,AXI-0974
101,track0042[01].png,AZJ-4514
102,track0043[01].png,BBS-8811
103,track0044[01].png,BEM-2418
104,track0045[01].png,AOU-4672
105,track0046[01].png,AQC-5349
106,track0047[01].png,AMK-8734
107,track0048[01].png,BBJ-9695
108,track0049[01].png,ALK-3720
109,track0050[01].png,BAZ-2538
110,track0051[01].png,AOV-3566
111,track0052[01].png,AZH-5961
112,track0053[01].png,EIW-6035
113,track0054[01].png,AUD-7172
114,track0055[01].png,AOI-1778
115,track0056[01].png,ATH-2468
116,track0057[01].png,AIS-0951
117,track0058[01].png,AZR-4291
118,track0059[01].png,BBO-8514
119,track0060[01].png,APB-4327
120,track0061[01].png,AYU-0035
121,track0062[01].png,AXW-3998
122,track0063[01].png,BAP-7996
123,track0064[01].png,AVC-2257
124,track0065[01].png,ASN-3296
125,track0066[01].png,AVV-3850
126,track0067[01].png,BBN-3144
127,track0068[01].png,AQL-0951
128,track0069[01].png,BAJ-8206
129,track0070[01].png,AZD-9925
130,track0071[01].png,FXB-3765
131,track0072[01].png,ARK-5232
132,track0073[01].png,AZD-7301
133,track0074[01].png,AXW-9978
134,track0075[01].png,AXI-6082
135,track0076[01].png,GZM-8901
136,track0077[01].png,AYM-6288
137,track0078[01].png,AVN-8735
138,track0079[01].png,AMT-9382
139,track0080[01].png,APJ-3829
140,track0081[01].png,BAC-2766
141,track0082[01].png,AZS-4450
142,track0083[01].png,AUM-1821
143,track0084[01].png,BEE-8419
144,track0085[01].png,AAJ-5801
145,track0086[01].png,AXW-8510
146,track0087[01].png,AUU-0538
147,track0088[01].png,ASY-1351
148,track0089[01].png,MHB-6459
149,track0090[01].png,AOT-0264
